{
    "name": "root",
    "metadata": {
        "timer_format_version": "0.1.0",
        "start_time_seconds": "1615469705",
        "python_version": "3.7.9 (v3.7.9:13c94747c7, Aug 15 2020, 01:31:08) \n[Clang 6.0 (clang-600.0.57)]",
        "command_line_arguments": "/Users/celikberkaltingok/Documents/GitHub/PanteonRemoteDemo/venv/bin/mlagents-learn config/moveToGoal.yaml --run-id=TrainAItoFinish1",
        "mlagents_version": "0.24.1",
        "mlagents_envs_version": "0.24.1",
        "communication_protocol_version": "1.4.0",
        "pytorch_version": "1.7.1",
        "numpy_version": "1.20.1",
        "end_time_seconds": "1615469713"
    },
    "total": 7.925147322,
    "count": 1,
    "self": 0.009418188999998911,
    "children": {
        "run_training.setup": {
            "total": 0.08829478600000007,
            "count": 1,
            "self": 0.08829478600000007
        },
        "TrainerController.start_learning": {
            "total": 7.8274343470000005,
            "count": 1,
            "self": 0.00010182200000041775,
            "children": {
                "TrainerController._reset_env": {
                    "total": 7.826025818000001,
                    "count": 1,
                    "self": 7.825940472,
                    "children": {
                        "demo_to_buffer": {
                            "total": 8.534600000054127e-05,
                            "count": 1,
                            "self": 2.1795000000324194e-05,
                            "children": {
                                "load_demonstration": {
                                    "total": 6.355100000021707e-05,
                                    "count": 1,
                                    "self": 6.355100000021707e-05
                                }
                            }
                        }
                    }
                },
                "TrainerController._save_models": {
                    "total": 0.001306706999999463,
                    "count": 1,
                    "self": 0.00030583400000061545,
                    "children": {
                        "RLTrainer._checkpoint": {
                            "total": 0.0010008729999988475,
                            "count": 1,
                            "self": 0.0010008729999988475
                        }
                    }
                }
            }
        }
    }
}