{"count":1,"self":54.0281344,"total":1044.6571959999999,"children":{"InitializeActuators":{"count":40,"self":0.0035169999999999997,"total":0.0035169999999999997,"children":null},"InitializeSensors":{"count":40,"self":0.0015149999999999999,"total":0.0015149999999999999,"children":null},"AgentSendState":{"count":30317,"self":1.8639549999999998,"total":7.5204949999999995,"children":{"CollectObservations":{"count":242560,"self":1.3683919999999998,"total":1.3683919999999998,"children":null},"WriteActionMask":{"count":242560,"self":0.46169299999999996,"total":0.46169299999999996,"children":null},"RequestDecision":{"count":242560,"self":1.371935,"total":3.8264549999999997,"children":{"AgentInfo.ToProto":{"count":242560,"self":1.0600479999999999,"total":2.45452,"children":{"GenerateSensorData":{"count":242560,"self":1.394472,"total":1.394472,"children":null}}}}}}},"DecideAction":{"count":30317,"self":979.7320704,"total":979.732089,"children":null},"AgentAct":{"count":30317,"self":3.3332219999999997,"total":3.333933,"children":{"AgentInfo.ToProto":{"count":37,"self":0.00029,"total":0.00071099999999999994,"children":{"GenerateSensorData":{"count":37,"self":0.000421,"total":0.000421,"children":null}}}}},"AgentInfo.ToProto":{"count":1780,"self":0.016576999999999998,"total":0.036581999999999996,"children":{"GenerateSensorData":{"count":1780,"self":0.020005,"total":0.020005,"children":null}}}},"gauges":{"RunToFinish.CumulativeReward":{"count":1817,"max":28.6110973,"min":-3.474657,"runningAverage":0.6605352,"value":4.370681,"weightedAverage":0.8096433}},"metadata":{"timer_format_version":"0.1.0","start_time_seconds":"1615497771","unity_version":"2019.4.14f1","command_line_arguments":"\/Applications\/Unity\/Hub\/Editor\/2019.4.14f1\/Unity.app\/Contents\/MacOS\/Unity -projectpath \/Users\/celikberkaltingok\/Documents\/GitHub\/PanteonRemoteDemo -useHub -hubIPC -cloudEnvironment production -hubSessionId 496b3790-8250-11eb-9c25-192af6fb6903 -accessToken tVOuVP82cm2K0gk6JgUCkQVnUnMqcJkurty-sjJttW0001f","communication_protocol_version":"1.4.0","com.unity.ml-agents_version":"1.8.1-preview","scene_name":"PanteonDemo","end_time_seconds":"1615498816"}}